,code,code50,Name_Fi,Name_Sv,Name_AltGen,Name_Alt,province_Fi,province_Sv,Status,Urban
0,91,11.0,helsinki,helsingfors,,,uudenmaan laani,nylands lan,Remain,1.0
1,78,20.0,hanko,hango,,,uudenmaan laani,nylands lan,Remain,1.0
2,434,30.0,loviisa,lovisa,,,uudenmaan laani,nylands lan,Remain,1.0
3,612,40.0,porvoo,borga,porvoo kla,porvoon kla,uudenmaan laani,nylands lan,Remain,1.0
4,835,50.0,tammisaari,ekenas,,,uudenmaan laani,nylands lan,Remain,1.0
5,106,110.0,hyvinkaa,hyvinge,hyvinkaa kla,hyvinkaan kla,uudenmaan laani,nylands lan,Remain,1.0
6,186,120.0,jarvenpaa,traskanda,,,uudenmaan laani,nylands lan,Remain,1.0
7,220,130.0,karjaa,karis,karjaa kla,karjaan kla,uudenmaan laani,nylands lan,Remain,1.0
8,224,140.0,karkkila,,karkkila kla,karkkilan kla,uudenmaan laani,nylands lan,Remain,1.0
9,235,150.0,kauniainen,grankulla,kauniainen kla,kauniaisten kla,uudenmaan laani,nylands lan,Remain,1.0
10,245,160.0,kerava,kervo,,keravan kla,uudenmaan laani,nylands lan,Remain,1.0
11,427,170.0,lohja,lojo,,lohjan kla,uudenmaan laani,nylands lan,Remain,1.0
12,15,1001.0,artjarvi,artsjo,,,uudenmaan laani,nylands lan,Remain,0.0
13,18,1002.0,askola,,,,uudenmaan laani,nylands lan,Remain,0.0
14,34,1003.0,bromarv,bromarf,bromarvi,,uudenmaan laani,nylands lan,Remain,0.0
15,39,401002.0,degerby,,,,uudenmaan laani,nylands lan,Temporarily_Ceded,0.0
16,49,1004.0,espoo,esbo,,,uudenmaan laani,nylands lan,Remain,0.0
17,92,1005.0,helsingin mlk,helsinge,helsinki mlk,vantaa,uudenmaan laani,nylands lan,Remain,0.0
18,107,1006.0,hyvinkaan mlk,hyvinge lk,hyvinkaa mlk,,uudenmaan laani,nylands lan,Remain,0.0
19,149,1007.0,inkoo,inga,,inga,uudenmaan laani,nylands lan,Remain,0.0
20,221,1008.0,karjaan mlk,karis lk,karjaa mlk,,uudenmaan laani,nylands lan,Remain,0.0
21,223,1009.0,karjalohja,karislojo,,,uudenmaan laani,nylands lan,Remain,0.0
22,257,101010.0,kirkkonummi,kyrkslatt,,,uudenmaan laani,nylands lan,Temporarily_Ceded,0.0
23,407,1011.0,lapinjarvi,lapptrask,,,uudenmaan laani,nylands lan,Remain,0.0
24,424,1012.0,liljendal,,,liljendaali,uudenmaan laani,nylands lan,Remain,0.0
25,428,1013.0,lohjan mlk,lojo lk,lohja mlk,,uudenmaan laani,nylands lan,Remain,0.0
26,504,1014.0,myrskyla,morskom,,,uudenmaan laani,nylands lan,Remain,0.0
27,505,1015.0,mantsala,,,,uudenmaan laani,nylands lan,Remain,0.0
28,540,1016.0,nummi,,,nummi-pusula,uudenmaan laani,nylands lan,Remain,0.0
29,543,1017.0,nurmijarvi,,,,uudenmaan laani,nylands lan,Remain,0.0
30,560,1018.0,orimattila,,,,uudenmaan laani,nylands lan,Remain,0.0
31,585,1019.0,pernaja,pema,,perna,uudenmaan laani,nylands lan,Remain,0.0
32,606,1020.0,pohja,pojo,,,uudenmaan laani,nylands lan,Remain,0.0
33,611,1021.0,pornainen,borgnas,,,uudenmaan laani,nylands lan,Remain,0.0
34,613,1022.0,porvoon mlk,borga lk,porvoo mlk,,uudenmaan laani,nylands lan,Remain,0.0
35,616,1023.0,pukkila,,,,uudenmaan laani,nylands lan,Remain,0.0
36,622,1024.0,pusula,,,,uudenmaan laani,nylands lan,Remain,0.0
37,627,1025.0,pyhajarvi,pyhajarvi u,,pyhajarvi u,uudenmaan laani,nylands lan,Remain,0.0
38,701,1026.0,ruotsinpyhtaa,stromfors,,,uudenmaan laani,nylands lan,Remain,0.0
39,737,1027.0,sammatti,,,,uudenmaan laani,nylands lan,Remain,0.0
40,753,1028.0,sipoo,sibbo,,,uudenmaan laani,nylands lan,Remain,0.0
41,755,101029.0,siuntio,sjundea,,,uudenmaan laani,nylands lan,Temporarily_Ceded,0.0
42,756,1030.0,snappertuna,,,,uudenmaan laani,nylands lan,Remain,0.0
43,836,1031.0,tammisaaren mlk,ekenas lk,tammisaari mlk,,uudenmaan laani,nylands lan,Remain,0.0
44,842,1032.0,tenhola,tenela,,,uudenmaan laani,nylands lan,Remain,0.0
45,858,1033.0,tuusula,tusby,,,uudenmaan laani,nylands lan,Remain,0.0
46,927,1034.0,vihti,vichtis,,,uudenmaan laani,nylands lan,Remain,0.0
47,853,10011.0,turku,abo,,,turun ja porin laani,turun ja porin laani,Remain,1.0
48,529,10020.0,naantali,nadendal,,nadendal,turun ja porin laani,turun ja porin laani,Remain,1.0
49,609,10030.0,pori,bjorneborg,,,turun ja porin laani,turun ja porin laani,Remain,1.0
50,684,10040.0,rauma,raumo,,,turun ja porin laani,turun ja porin laani,Remain,1.0
51,895,10050.0,uusikaupunki,nystad,,,turun ja porin laani,turun ja porin laani,Remain,1.0
52,143,10110.0,ikaalinen,,ikaalinen kla,ikaalisten kla,turun ja porin laani,turun ja porin laani,Remain,1.0
53,430,10120.0,loimaa,,loimaa kla,loimaan kla,turun ja porin laani,turun ja porin laani,Remain,1.0
54,579,10130.0,parainen,pargas,parainen kla,paraisten kla,turun ja porin laani,turun ja porin laani,Remain,1.0
55,734,10140.0,salo,,salo kla,salon kla,turun ja porin laani,turun ja porin laani,Remain,1.0
56,912,10150.0,vammala,,vammala kla,vammalan kla,turun ja porin laani,turun ja porin laani,Remain,1.0
57,1,11001.0,ahlainen,,,,turun ja porin laani,turun ja porin laani,Remain,0.0
58,6,11002.0,alastaro,,,,turun ja porin laani,turun ja porin laani,Remain,0.0
59,11,11003.0,angelniemi,,,,turun ja porin laani,turun ja porin laani,Remain,0.0
60,17,11004.0,askainen,villnas,,,turun ja porin laani,turun ja porin laani,Remain,0.0
61,19,11005.0,aura,,,prunkkala,turun ja porin laani,turun ja porin laani,Remain,0.0
62,40,11006.0,dragsfjard,,,,turun ja porin laani,turun ja porin laani,Remain,0.0
63,50,11007.0,eura,,,,turun ja porin laani,turun ja porin laani,Remain,0.0
64,51,11008.0,eurajoki,,,,turun ja porin laani,turun ja porin laani,Remain,0.0
65,73,11009.0,halikko,,,,turun ja porin laani,turun ja porin laani,Remain,0.0
66,79,11010.0,harjavalta,,,,turun ja porin laani,turun ja porin laani,Remain,0.0
67,94,11011.0,hiittinen,hitis,,,turun ja porin laani,turun ja porin laani,Remain,0.0
68,96,11012.0,hinnerjoki,,,,turun ja porin laani,turun ja porin laani,Remain,0.0
69,99,11013.0,hongonjoki,,honkajoki,,turun ja porin laani,turun ja porin laani,Remain,0.0
70,100,11014.0,honkilahti,,,,turun ja porin laani,turun ja porin laani,Remain,0.0
71,101,11015.0,houtskari,houtskar,,,turun ja porin laani,turun ja porin laani,Remain,0.0
72,102,11016.0,huittinen,,,,turun ja porin laani,turun ja porin laani,Remain,0.0
73,108,11017.0,hameenkyro,tavastkyro,,,turun ja porin laani,turun ja porin laani,Remain,0.0
74,144,11018.0,ikaalisten mlk,,ikaalinen mlk,,turun ja porin laani,turun ja porin laani,Remain,0.0
75,150,11019.0,inio,,,,turun ja porin laani,turun ja porin laani,Remain,0.0
76,181,11020.0,jamijarvi,,,,turun ja porin laani,turun ja porin laani,Remain,0.0
77,202,11021.0,kaarina,st karins,,,turun ja porin laani,turun ja porin laani,Remain,0.0
78,207,11022.0,kakskerta,,,,turun ja porin laani,turun ja porin laani,Remain,0.0
79,209,11023.0,kalanti,,,uusikirkko tl,turun ja porin laani,turun ja porin laani,Remain,0.0
80,214,11024.0,kankaanpaa,,,,turun ja porin laani,turun ja porin laani,Remain,0.0
81,219,11025.0,karinainen,,,,turun ja porin laani,turun ja porin laani,Remain,0.0
82,222,11026.0,karjala,,,,turun ja porin laani,turun ja porin laani,Remain,0.0
83,225,11027.0,karkku,,,,turun ja porin laani,turun ja porin laani,Remain,0.0
84,228,11028.0,karuna,,,,turun ja porin laani,turun ja porin laani,Remain,0.0
85,230,11029.0,karvia,,,,turun ja porin laani,turun ja porin laani,Remain,0.0
86,237,11030.0,kauvatsa,,,,turun ja porin laani,turun ja porin laani,Remain,0.0
87,238,11031.0,keikya,,,,turun ja porin laani,turun ja porin laani,Remain,0.0
88,243,11032.0,kemio,kimito,,,turun ja porin laani,turun ja porin laani,Remain,0.0
89,250,11033.0,kihnio,,,,turun ja porin laani,turun ja porin laani,Remain,0.0
90,252,11034.0,kiikala,,,,turun ja porin laani,turun ja porin laani,Remain,0.0
91,253,11035.0,kiikka,,,,turun ja porin laani,turun ja porin laani,Remain,0.0
92,254,11036.0,kiikoinen,,,,turun ja porin laani,turun ja porin laani,Remain,0.0
93,259,11037.0,kisko,,,,turun ja porin laani,turun ja porin laani,Remain,0.0
94,262,11038.0,kiukainen,,,,turun ja porin laani,turun ja porin laani,Remain,0.0
95,266,11039.0,kodisjoki,,,,turun ja porin laani,turun ja porin laani,Remain,0.0
96,271,11040.0,kokemaki,kumo,,,turun ja porin laani,turun ja porin laani,Remain,0.0
97,279,11041.0,korppoo,korpo,,,turun ja porin laani,turun ja porin laani,Remain,0.0
98,284,11042.0,koski,koski tl,,koski tl,turun ja porin laani,turun ja porin laani,Remain,0.0
99,293,11043.0,kullaa,,,,turun ja porin laani,turun ja porin laani,Remain,0.0
100,304,11044.0,kustavi,gustavs,,,turun ja porin laani,turun ja porin laani,Remain,0.0
101,308,11045.0,kuusjoki,,,,turun ja porin laani,turun ja porin laani,Remain,0.0
102,319,11046.0,koylio,kjulo,,,turun ja porin laani,turun ja porin laani,Remain,0.0
103,400,11047.0,laitila,,laitila kla,laitilan kla,turun ja porin laani,turun ja porin laani,Remain,0.0
104,406,11048.0,lappi,,,,turun ja porin laani,turun ja porin laani,Remain,0.0
105,413,11049.0,lavia,,,,turun ja porin laani,turun ja porin laani,Remain,0.0
106,419,11050.0,lemu,,,,turun ja porin laani,turun ja porin laani,Remain,0.0
107,423,11051.0,lieto,,,,turun ja porin laani,turun ja porin laani,Remain,0.0
108,431,11052.0,loimaan mlk,,,,turun ja porin laani,turun ja porin laani,Remain,0.0
109,432,11053.0,lokalahti,,,,turun ja porin laani,turun ja porin laani,Remain,0.0
110,442,11054.0,luvia,,,,turun ja porin laani,turun ja porin laani,Remain,0.0
111,477,11055.0,maaria,st marie,,rantamaki,turun ja porin laani,turun ja porin laani,Remain,0.0
112,480,11056.0,marttila,,,,turun ja porin laani,turun ja porin laani,Remain,0.0
113,481,11057.0,masku,,,,turun ja porin laani,turun ja porin laani,Remain,0.0
114,482,11058.0,mellila,,,,turun ja porin laani,turun ja porin laani,Remain,0.0
115,484,11059.0,merikarvia,,,,turun ja porin laani,turun ja porin laani,Remain,0.0
116,485,11060.0,merimasku,,,,turun ja porin laani,turun ja porin laani,Remain,0.0
117,487,11061.0,metsamaa,,,,turun ja porin laani,turun ja porin laani,Remain,0.0
118,490,11062.0,mietoinen,,,,turun ja porin laani,turun ja porin laani,Remain,0.0
119,493,11063.0,mouhijarvi,,,,turun ja porin laani,turun ja porin laani,Remain,0.0
120,501,11064.0,muurla,,,,turun ja porin laani,turun ja porin laani,Remain,0.0
121,503,11065.0,mynamaki,virmo,,,turun ja porin laani,turun ja porin laani,Remain,0.0
122,530,11066.0,naantalin mlk,nadendals lk,naantnali mlk,,turun ja porin laani,turun ja porin laani,Remain,0.0
123,531,11067.0,nakkila,,,,turun ja porin laani,turun ja porin laani,Remain,0.0
124,533,11068.0,nauvo,nagu,,,turun ja porin laani,turun ja porin laani,Remain,0.0
125,537,11069.0,noormarkku,norrmark,normarkku,,turun ja porin laani,turun ja porin laani,Remain,0.0
126,538,11070.0,nousiainen,,,,turun ja porin laani,turun ja porin laani,Remain,0.0
127,561,11071.0,oripaa,,,,turun ja porin laani,turun ja porin laani,Remain,0.0
128,574,11072.0,paattinen,,,,turun ja porin laani,turun ja porin laani,Remain,0.0
129,577,11073.0,paimio,pemar,,,turun ja porin laani,turun ja porin laani,Remain,0.0
130,573,11074.0,paraisten mlk,pargas lk,parainen mlk,,turun ja porin laani,turun ja porin laani,Remain,0.0
131,581,11075.0,parkano,,,,turun ja porin laani,turun ja porin laani,Remain,0.0
132,586,11076.0,pernio,bjarna,,,turun ja porin laani,turun ja porin laani,Remain,0.0
133,587,11077.0,pertteli,,,,turun ja porin laani,turun ja porin laani,Remain,0.0
134,602,11078.0,piikkio,pikis,,,turun ja porin laani,turun ja porin laani,Remain,0.0
135,608,11079.0,pomarkku,pamark,,poomarkku,turun ja porin laani,turun ja porin laani,Remain,0.0
136,610,11080.0,porin mlk,bjorneborg lk,pori mlk,,turun ja porin laani,turun ja porin laani,Remain,0.0
137,619,11081.0,punkalaidun,,,,turun ja porin laani,turun ja porin laani,Remain,0.0
138,629,11082.0,pyhamaa,,pyhamaan luoto,,turun ja porin laani,turun ja porin laani,Remain,0.0
139,631,11083.0,pyharanta,,,,turun ja porin laani,turun ja porin laani,Remain,0.0
140,636,11084.0,poytya,,,,turun ja porin laani,turun ja porin laani,Remain,0.0
141,680,11085.0,raisio,reso,,,turun ja porin laani,turun ja porin laani,Remain,0.0
142,685,11086.0,rauman mlk,raumo lk,rauma mlk,,turun ja porin laani,turun ja porin laani,Remain,0.0
143,704,11087.0,rusko,,,,turun ja porin laani,turun ja porin laani,Remain,0.0
144,705,11088.0,rymattyla,rimito,,,turun ja porin laani,turun ja porin laani,Remain,0.0
145,738,11089.0,sauvo,sagu,,,turun ja porin laani,turun ja porin laani,Remain,0.0
146,747,11090.0,siikainen,,,,turun ja porin laani,turun ja porin laani,Remain,0.0
147,772,11091.0,suodenniemi,,,,turun ja porin laani,turun ja porin laani,Remain,0.0
148,776,11092.0,suomusjarvi,,,,turun ja porin laani,turun ja porin laani,Remain,0.0
149,779,11093.0,suoniemi,,,,turun ja porin laani,turun ja porin laani,Remain,0.0
150,783,11094.0,sakyla,,,,turun ja porin laani,turun ja porin laani,Remain,0.0
151,784,11095.0,sarkisalo,finby,,,turun ja porin laani,turun ja porin laani,Remain,0.0
152,833,11096.0,taivassalo,tovsala,,,turun ja porin laani,turun ja porin laani,Remain,0.0
153,838,11097.0,tarvasjoki,,,,turun ja porin laani,turun ja porin laani,Remain,0.0
154,861,11098.0,tyrvaa,,,,turun ja porin laani,turun ja porin laani,Remain,0.0
155,886,11099.0,ulvila,ulvsby,,,turun ja porin laani,turun ja porin laani,Remain,0.0
156,888,11100.0,uskela,,,,turun ja porin laani,turun ja porin laani,Remain,0.0
157,896,11101.0,uusikaupunki mlk,nystad lk,uudenkauppungit mlk,uudenkaupungin mlk,turun ja porin laani,turun ja porin laani,Remain,0.0
158,906,11102.0,vahto,,,,turun ja porin laani,turun ja porin laani,Remain,0.0
159,913,11103.0,vampula,,,,turun ja porin laani,turun ja porin laani,Remain,0.0
160,918,11104.0,vehmaa,vehmas,,,turun ja porin laani,turun ja porin laani,Remain,0.0
161,920,11105.0,velkua,,,,turun ja porin laani,turun ja porin laani,Remain,0.0
162,923,11106.0,vestanfjard,vastanfjard,westanfjardi,westanfjard,turun ja porin laani,turun ja porin laani,Remain,0.0
163,932,11107.0,viljakkala,,,,turun ja porin laani,turun ja porin laani,Remain,0.0
164,979,11108.0,ylane,,,,turun ja porin laani,turun ja porin laani,Remain,0.0
165,478,20010.0,maarianhamina,mariehamn,,,ahvenanmaa,aland,Remain,1.0
166,35,21001.0,brando,,,brandoo,ahvenanmaa,aland,Remain,0.0
167,43,21002.0,eckero,,,ekkero,ahvenanmaa,aland,Remain,0.0
168,60,21003.0,finstrom,,,,ahvenanmaa,aland,Remain,0.0
169,62,21004.0,foglo,,,fogloo,ahvenanmaa,aland,Remain,0.0
170,65,21005.0,geta,,,geeta,ahvenanmaa,aland,Remain,0.0
171,76,21006.0,hammarland,,,hammarlanti,ahvenanmaa,aland,Remain,0.0
172,170,21007.0,jomala,,,,ahvenanmaa,aland,Remain,0.0
173,295,21008.0,kumlinge,,,kumlinki,ahvenanmaa,aland,Remain,0.0
174,318,21009.0,kokar,,,kookari,ahvenanmaa,aland,Remain,0.0
175,417,21010.0,lemland,,,lemlanti,ahvenanmaa,aland,Remain,0.0
176,438,21011.0,lumparland,,,,ahvenanmaa,aland,Remain,0.0
177,736,21012.0,saltvik,,,,ahvenanmaa,aland,Remain,0.0
178,766,21013.0,sottunga,,,,ahvenanmaa,aland,Remain,0.0
179,771,21014.0,sund,,,,ahvenanmaa,aland,Remain,0.0
180,941,21015.0,vardo,,,wordoo,ahvenanmaa,aland,Remain,0.0
181,109,30010.0,hameenlinna,tavastehus,,,hameen laani,tavastehus lan,Remain,1.0
182,398,30020.0,lahti,lahtis,,,hameen laani,tavastehus lan,Remain,1.0
183,837,30031.0,tampere,tammerfors,,,hameen laani,tavastehus lan,Remain,1.0
184,61,30110.0,forssa,,forssa kla,forssan kla,hameen laani,tavastehus lan,Remain,1.0
185,506,30120.0,mantta,,mantta kla,mantan kla,hameen laani,tavastehus lan,Remain,1.0
186,536,30130.0,nokia,nokian kla,nokia kla,pohjois_pirkkala,hameen laani,tavastehus lan,Remain,1.0
187,694,30140.0,riihimaki,,riihimaki kla,riihimaen kla,hameen laani,tavastehus lan,Remain,1.0
188,864,30150.0,toijala,,toijala kla,toijalan kla,hameen laani,tavastehus lan,Remain,1.0
189,908,30160.0,valkeakoski,,valkeakoski kla,valkeakosken kla,hameen laani,tavastehus lan,Remain,1.0
190,2,31001.0,aitolahti,,,,hameen laani,tavastehus lan,Remain,0.0
191,16,31002.0,asikkala,,,,hameen laani,tavastehus lan,Remain,0.0
192,48,31003.0,erajarvi,,,,hameen laani,tavastehus lan,Remain,0.0
193,82,31004.0,hattula,,,,hameen laani,tavastehus lan,Remain,0.0
194,83,31005.0,hauho,,,,hameen laani,tavastehus lan,Remain,0.0
195,86,31006.0,hausjarvi,,,,hameen laani,tavastehus lan,Remain,0.0
196,98,31007.0,hollola,,,,hameen laani,tavastehus lan,Remain,0.0
197,103,31008.0,humppila,,,,hameen laani,tavastehus lan,Remain,0.0
198,165,31009.0,janakkala,,,,hameen laani,tavastehus lan,Remain,0.0
199,169,31010.0,jokioinen,,,,hameen laani,tavastehus lan,Remain,0.0
200,177,31011.0,juupajoki,,,,hameen laani,tavastehus lan,Remain,0.0
201,182,31012.0,jamsa,,,,hameen laani,tavastehus lan,Remain,0.0
202,183,31013.0,jamsankoski,,,,hameen laani,tavastehus lan,Remain,0.0
203,210,31014.0,kalvola,,,,hameen laani,tavastehus lan,Remain,0.0
204,211,31015.0,kangasala,,,,hameen laani,tavastehus lan,Remain,0.0
205,267,31016.0,koijarvi,,,,hameen laani,tavastehus lan,Remain,0.0
206,277,31017.0,korpilahti,,,,hameen laani,tavastehus lan,Remain,0.0
207,282,31018.0,koskenpaa,,,,hameen laani,tavastehus lan,Remain,0.0
208,283,31019.0,koski,koski hl,hameenkoski,koski hl,hameen laani,tavastehus lan,Remain,0.0
209,289,31020.0,kuhmalahti,,,,hameen laani,tavastehus lan,Remain,0.0
210,291,31021.0,kuhmoinen,,,,hameen laani,tavastehus lan,Remain,0.0
211,299,31022.0,kuorevesi,,,,hameen laani,tavastehus lan,Remain,0.0
212,303,31023.0,kuru,,,,hameen laani,tavastehus lan,Remain,0.0
213,310,31024.0,kylmakoski,,,,hameen laani,tavastehus lan,Remain,0.0
214,316,31025.0,karkola,,,,hameen laani,tavastehus lan,Remain,0.0
215,401,31026.0,lammi,,,,hameen laani,tavastehus lan,Remain,0.0
216,418,31027.0,lempaala,,,,hameen laani,tavastehus lan,Remain,0.0
217,433,31028.0,loppi,,,,hameen laani,tavastehus lan,Remain,0.0
218,439,31029.0,luopioinen,,,,hameen laani,tavastehus lan,Remain,0.0
219,443,31030.0,langelmaki,,,,hameen laani,tavastehus lan,Remain,0.0
220,500,31031.0,muurame,,,,hameen laani,tavastehus lan,Remain,0.0
221,532,31032.0,nastola,,,,hameen laani,tavastehus lan,Remain,0.0
222,562,31033.0,orivesi,,,,hameen laani,tavastehus lan,Remain,0.0
223,576,31034.0,padasjoki,,,,hameen laani,tavastehus lan,Remain,0.0
224,604,31035.0,pirkkala,,,etela_pirkkala,hameen laani,tavastehus lan,Remain,0.0
225,637,31036.0,pohjaslahti,,,,hameen laani,tavastehus lan,Remain,0.0
226,635,31037.0,palkane,,,,hameen laani,tavastehus lan,Remain,0.0
227,692,31038.0,renko,,,,hameen laani,tavastehus lan,Remain,0.0
228,702,31039.0,ruovesi,,,,hameen laani,tavastehus lan,Remain,0.0
229,730,31040.0,sahalahti,,,,hameen laani,tavastehus lan,Remain,0.0
230,760,31041.0,somerniemi,,,,hameen laani,tavastehus lan,Remain,0.0
231,761,31042.0,somero,,,,hameen laani,tavastehus lan,Remain,0.0
232,787,31043.0,saynatsalo,,,,hameen laani,tavastehus lan,Remain,0.0
233,788,31044.0,saaksmaki,,,,hameen laani,tavastehus lan,Remain,0.0
234,834,31045.0,tammela,,,,hameen laani,tavastehus lan,Remain,0.0
235,840,31046.0,teisko,,,,hameen laani,tavastehus lan,Remain,0.0
236,852,31047.0,tottijarvi,,,,hameen laani,tavastehus lan,Remain,0.0
237,855,31048.0,tuulos,,,,hameen laani,tavastehus lan,Remain,0.0
238,860,31049.0,tyrvanto,,,,hameen laani,tavastehus lan,Remain,0.0
239,887,31050.0,urjala,,,,hameen laani,tavastehus lan,Remain,0.0
240,914,31051.0,vanaja,,,,hameen laani,tavastehus lan,Remain,0.0
241,922,31052.0,vesilahti,,,,hameen laani,tavastehus lan,Remain,0.0
242,928,31053.0,viiala,,,,hameen laani,tavastehus lan,Remain,0.0
243,933,31054.0,vilppula,,,,hameen laani,tavastehus lan,Remain,0.0
244,980,31055.0,ylojarvi,,ylojarvi kla,ylojarven kla,hameen laani,tavastehus lan,Remain,1.0
245,981,31056.0,ypaja,,,perttula,hameen laani,tavastehus lan,Remain,0.0
246,285,40010.0,kotka,,,,kymen laani,kymmene lan,Remain,1.0
247,75,40020.0,hamina,fredrikshamn,,,kymen laani,kymmene lan,Remain,1.0
248,405,40030.0,lappeenranta,villmanstrand,willmanstrand,,kymen laani,kymmene lan,Remain,1.0
249,153,40110.0,imatra,,imatra kla,imatran kla,kymen laani,kymmene lan,Remain,1.0
250,201,40120.0,karhula,,,,kymen laani,kymmene lan,Remain,1.0
251,286,40130.0,kouvola,,kouvola kla,kouvolan kla,kymen laani,kymmene lan,Remain,1.0
252,411,40140.0,lauritsala,,lauritsala kla,lauritsalan kla,kymen laani,kymmene lan,Remain,1.0
253,12,41001.0,anjala,,,,kymen laani,kymmene lan,Remain,0.0
254,44,41002.0,elimaki,,,,kymen laani,kymmene lan,Remain,0.0
255,70,41003.0,haapasaari,aspo,,,kymen laani,kymmene lan,Remain,0.0
256,142,41004.0,iitti,,,,kymen laani,kymmene lan,Remain,0.0
257,163,41005.0,jaala,,,,kymen laani,kymmene lan,Remain,0.0
258,173,41006.0,joutseno,,,,kymen laani,kymmene lan,Remain,0.0
259,306,41007.0,kuusankoski,,,,kymen laani,kymmene lan,Remain,0.0
260,311,41008.0,kymi,kymmene,,,kymen laani,kymmene lan,Remain,0.0
261,404,41009.0,lappee,,,,kymen laani,kymmene lan,Remain,0.0
262,416,41010.0,lemi,,,,kymen laani,kymmene lan,Remain,0.0
263,441,41011.0,luumaki,,,,kymen laani,kymmene lan,Remain,0.0
264,489,41012.0,miehikkala,,,,kymen laani,kymmene lan,Remain,0.0
265,539,241013.0,nuijamaa,,,,viipurin laani,viborgs lan,Partially_Ceded,0.0
266,580,241014.0,parikkala,,,,viipurin laani,viborgs lan,Partially_Ceded,0.0
267,624,41015.0,pyhtaa,pyttis,,,kymen laani,kymmene lan,Remain,0.0
268,689,241016.0,rautjarvi,,,rantjarvi,viipurin laani,viborgs lan,Partially_Ceded,0.0
269,700,41017.0,ruokolahti,,,,kymen laani,kymmene lan,Remain,0.0
270,728,241018.0,saari,,,,viipurin laani,viborgs lan,Partially_Ceded,0.0
271,739,41019.0,savitaipale,,,,kymen laani,kymmene lan,Remain,0.0
272,752,241020.0,simpele,,,,viipurin laani,viborgs lan,Partially_Ceded,0.0
273,754,41021.0,sippola,,,,kymen laani,kymmene lan,Remain,0.0
274,775,41022.0,suomenniemi,,,,kymen laani,kymmene lan,Remain,0.0
275,831,41023.0,taipalsaari,,,,kymen laani,kymmene lan,Remain,0.0
276,891,241024.0,uukuniemi,,,,viipurin laani,viborgs lan,Partially_Ceded,0.0
277,909,41025.0,valkeala,,,,kymen laani,kymmene lan,Remain,0.0
278,917,41026.0,vehkalahti,,,,kymen laani,kymmene lan,Remain,0.0
279,935,241027.0,virolahti,,,,viipurin laani,viborgs lan,Partially_Ceded,0.0
280,978,241028.0,ylamaa,,,,viipurin laani,viborgs lan,Partially_Ceded,0.0
281,491,50010.0,mikkeli,st_michel,,,mikkelin laani,st michels lan,Remain,1.0
282,88,50020.0,heinola,,,,mikkelin laani,st michels lan,Remain,1.0
283,740,50030.0,savonlinna,nyslott,,savolinna,mikkelin laani,st michels lan,Remain,1.0
284,593,50110.0,pieksamaki,pieksaman kla,pieksamaki kla,pieksamaen kla,mikkelin laani,st michels lan,Remain,1.0
285,14,51001.0,anttola,,,,mikkelin laani,st michels lan,Remain,0.0
286,46,51002.0,enonkoski,,,,mikkelin laani,st michels lan,Remain,0.0
287,81,51003.0,hartola,,,,mikkelin laani,st michels lan,Remain,0.0
288,85,51004.0,haukivuori,,,,mikkelin laani,st michels lan,Remain,0.0
289,89,51005.0,heinolan mlk,heinola lk,heinola mlk,,mikkelin laani,st michels lan,Remain,0.0
290,90,51006.0,heinavesi,,,,mikkelin laani,st michels lan,Remain,0.0
291,97,51007.0,hirvensalmi,,,,mikkelin laani,st michels lan,Remain,0.0
292,171,51008.0,joroinen,jorois,,,mikkelin laani,st michels lan,Remain,0.0
293,172,51009.0,joutsa,,,,mikkelin laani,st michels lan,Remain,0.0
294,178,51010.0,juva,jockas,,,mikkelin laani,st michels lan,Remain,0.0
295,184,51011.0,jappila,,,,mikkelin laani,st michels lan,Remain,0.0
296,212,51012.0,kangaslampi,,,,mikkelin laani,st michels lan,Remain,0.0
297,213,51013.0,kangasniemi,,,,mikkelin laani,st michels lan,Remain,0.0
298,246,51014.0,kerimaki,,,,mikkelin laani,st michels lan,Remain,0.0
299,415,51015.0,leivonmaki,,,,mikkelin laani,st michels lan,Remain,0.0
300,435,51016.0,luhanka,,,,mikkelin laani,st michels lan,Remain,0.0
301,492,51017.0,mikkelin mlk,st_michels lk,mikkeli mlk,,mikkelin laani,st michels lan,Remain,0.0
302,507,51018.0,mantyharju,,,,mikkelin laani,st michels lan,Remain,0.0
303,588,51019.0,pertunmaa,,,,mikkelin laani,st michels lan,Remain,0.0
304,594,51020.0,pieksamaen mlk,pieksamaki lk,pieksamaki mlk,,mikkelin laani,st michels lan,Remain,0.0
305,618,51021.0,punkaharju,,,,mikkelin laani,st michels lan,Remain,0.0
306,623,51022.0,puumala,,,,mikkelin laani,st michels lan,Remain,0.0
307,681,51023.0,rantasalmi,,,,mikkelin laani,st michels lan,Remain,0.0
308,696,51024.0,ristiina,,,,mikkelin laani,st michels lan,Remain,0.0
309,741,51025.0,savonranta,,,,mikkelin laani,st michels lan,Remain,0.0
310,768,51026.0,sulkava,,,,mikkelin laani,st michels lan,Remain,0.0
311,781,51027.0,sysma,,,,mikkelin laani,st michels lan,Remain,0.0
312,789,51028.0,saaminki,,,,mikkelin laani,st michels lan,Remain,0.0
313,937,51029.0,virtasalmi,,,,mikkelin laani,st michels lan,Remain,0.0
314,297,60010.0,kuopio,,,,kuopion laani,kuopio lan,Remain,1.0
315,140,60020.0,iisalmi,,,,kuopion laani,kuopio lan,Remain,1.0
316,167,60030.0,joensuu,,,,kuopion laani,kuopio lan,Remain,1.0
317,422,60110.0,lieksa,,lieksa kla,lieksan kla,kuopion laani,kuopio lan,Remain,1.0
318,541,60120.0,nurmes,,nurmes kla,nurmeksen kla,kuopion laani,kuopio lan,Remain,1.0
319,915,60130.0,varkaus,,varkaus kla,varkauden kla,kuopion laani,kuopio lan,Remain,1.0
320,45,61001.0,eno,,,,kuopion laani,kuopio lan,Remain,0.0
321,77,61002.0,hankasalmi,,,,kuopion laani,kuopio lan,Remain,0.0
322,141,61003.0,iisalmen mlk,,iisalmi mlk,,kuopion laani,kuopio lan,Remain,0.0
323,146,261004.0,ilomantsi,ilomants,,,kuopion laani,kuopio lan,Partially_Ceded,0.0
324,174,61005.0,juankoski,,,juuankoski,kuopion laani,kuopio lan,Remain,0.0
325,176,61006.0,juuka,,,,kuopion laani,kuopio lan,Remain,0.0
326,204,61007.0,kaavi,,,,kuopion laani,kuopio lan,Remain,0.0
327,227,61008.0,karttula,,,,kuopion laani,kuopio lan,Remain,0.0
328,239,61009.0,keitele,,,,kuopion laani,kuopio lan,Remain,0.0
329,248,61010.0,kesalahti,,,,kuopion laani,kuopio lan,Remain,0.0
330,251,61011.0,kiihtelysvaara,,,,kuopion laani,kuopio lan,Remain,0.0
331,260,261012.0,kitee,,,,kuopion laani,kuopio lan,Partially_Ceded,0.0
332,263,61013.0,kiuruvesi,,,,kuopion laani,kuopio lan,Remain,0.0
333,275,61014.0,konnevesi,,,,kuopion laani,kuopio lan,Remain,0.0
334,276,61015.0,kontiolahti,,,,kuopion laani,kuopio lan,Remain,0.0
335,298,61016.0,kuopion mlk,,kuopio mlk,,kuopion laani,kuopio lan,Remain,0.0
336,309,61017.0,kuusjarvi,,,outokumpu,kuopion laani,kuopio lan,Remain,0.0
337,402,61018.0,lapinlahti,,,,kuopion laani,kuopio lan,Remain,0.0
338,420,61019.0,leppavirta,,,,kuopion laani,kuopio lan,Remain,0.0
339,426,61020.0,liperi,libelits,,,kuopion laani,kuopio lan,Remain,0.0
340,476,61021.0,maaninka,,,,kuopion laani,kuopio lan,Remain,0.0
341,502,61022.0,muuruvesi,,,,kuopion laani,kuopio lan,Remain,0.0
342,534,61023.0,nilsia,,,,kuopion laani,kuopio lan,Remain,0.0
343,542,61024.0,nurmeksen mlk,nurmes lk,nurmes mlk,,kuopion laani,kuopio lan,Remain,0.0
344,595,61025.0,pielavesi,,,,kuopion laani,kuopio lan,Remain,0.0
345,596,61026.0,pielisensuu,,,,kuopion laani,kuopio lan,Remain,0.0
346,597,61027.0,pielisjarvi,,,,kuopion laani,kuopio lan,Remain,0.0
347,607,61028.0,polvijarvi,,,,kuopion laani,kuopio lan,Remain,0.0
348,632,61029.0,pyhaselka,,,,kuopion laani,kuopio lan,Remain,0.0
349,686,61030.0,rautalampi,,,,kuopion laani,kuopio lan,Remain,0.0
350,687,61031.0,rautavaara,,,,kuopion laani,kuopio lan,Remain,0.0
351,695,61032.0,riistavesi,,,,kuopion laani,kuopio lan,Remain,0.0
352,707,61033.0,raakkyla,,,,kuopion laani,kuopio lan,Remain,0.0
353,749,61034.0,siilinjarvi,,,,kuopion laani,kuopio lan,Remain,0.0
354,762,61035.0,sonkajarvi,,,,kuopion laani,kuopio lan,Remain,0.0
355,778,61036.0,suonenjoki,,,suonnejoki,kuopion laani,kuopio lan,Remain,0.0
356,786,61037.0,sayneinen,,,,kuopion laani,kuopio lan,Remain,0.0
357,844,61038.0,tervo,,,,kuopion laani,kuopio lan,Remain,0.0
358,848,61039.0,tohmajarvi,,,,kuopion laani,kuopio lan,Remain,0.0
359,856,61040.0,tuupovaara,,,kovero,kuopion laani,kuopio lan,Remain,0.0
360,857,61041.0,tuusniemi,,,,kuopion laani,kuopio lan,Remain,0.0
361,911,61042.0,valtimo,,,,kuopion laani,kuopio lan,Remain,0.0
362,916,61043.0,varpaisjarvi,,,,kuopion laani,kuopio lan,Remain,0.0
363,919,61044.0,vehmersalmi,,,,kuopion laani,kuopio lan,Remain,0.0
364,921,61045.0,vesanto,,,,kuopion laani,kuopio lan,Remain,0.0
365,925,61046.0,vierema,,,,kuopion laani,kuopio lan,Remain,0.0
366,943,261047.0,vartsila,,,,kuopion laani,kuopio lan,Partially_Ceded,0.0
367,905,70010.0,vaasa,vasa,,,vaasan laani,vasa lan,Remain,1.0
368,179,70020.0,jyvaskyla,,,,vaasan laani,vasa lan,Remain,1.0
369,231,70030.0,kaskinen,kasko,,,vaasan laani,vasa lan,Remain,1.0
370,272,70040.0,kokkola,gamlakarleby,,,vaasan laani,vasa lan,Remain,1.0
371,287,70050.0,kristiinankaupunki,kristinestad,kristiinankaupunki kla,kristiinankaupungin kla,vaasan laani,vasa lan,Remain,1.0
372,598,70060.0,pietarsaari,jakobstad,,,vaasan laani,vasa lan,Remain,1.0
373,893,70070.0,uusikaarlepyy,nykarleby,,uusikaarleby,vaasan laani,vasa lan,Remain,1.0
374,743,70110.0,seinajoki,,seinajoki kla,seinajoen kla,vaasan laani,vasa lan,Remain,1.0
375,774,70120.0,suolahti,,suolahti kla,suolahden kla,vaasan laani,vasa lan,Remain,1.0
376,992,70130.0,aanekoski,,aanekoski kla,aanekosken kla,vaasan laani,vasa lan,Remain,1.0
377,4,71001.0,alaharma,,,ahla harma,vaasan laani,vasa lan,Remain,0.0
378,5,71002.0,alajarvi,,,,vaasan laani,vasa lan,Remain,0.0
379,8,71003.0,alaveteli,nedervetil,,,vaasan laani,vasa lan,Remain,0.0
380,10,71004.0,alavus,alavo,,,vaasan laani,vasa lan,Remain,0.0
381,32,71005.0,bergo,bergoo,,,vaasan laani,vasa lan,Remain,0.0
382,33,71006.0,bjorkoby,,,bjorkby,vaasan laani,vasa lan,Remain,0.0
383,52,71007.0,evijarvi,,,,vaasan laani,vasa lan,Remain,0.0
384,74,71008.0,halsua,,,,vaasan laani,vasa lan,Remain,0.0
385,95,71009.0,himanka,,,,vaasan laani,vasa lan,Remain,0.0
386,145,71010.0,ilmajoki,,,,vaasan laani,vasa lan,Remain,0.0
387,151,71011.0,isojoki,stora,,,vaasan laani,vasa lan,Remain,0.0
388,152,71012.0,isokyro,storkyro,,,vaasan laani,vasa lan,Remain,0.0
389,164,71013.0,jalasjarvi,,,,vaasan laani,vasa lan,Remain,0.0
390,166,71014.0,jepua,jeppo,,,vaasan laani,vasa lan,Remain,0.0
391,175,71015.0,jurva,,,,vaasan laani,vasa lan,Remain,0.0
392,180,71016.0,jyvaskylan mlk,jyvaskyla lk,jyvaskyla mlk,,vaasan laani,vasa lan,Remain,0.0
393,203,71017.0,kaarlela,karleby,kokkolan mlk,,vaasan laani,vasa lan,Remain,0.0
394,216,71018.0,kannonkoski,,,,vaasan laani,vasa lan,Remain,0.0
395,217,71019.0,kannus,,,,vaasan laani,vasa lan,Remain,0.0
396,218,71020.0,karijoki,botom,,,vaasan laani,vasa lan,Remain,0.0
397,226,71021.0,karstula,,,,vaasan laani,vasa lan,Remain,0.0
398,232,71022.0,kauhajoki,,,,vaasan laani,vasa lan,Remain,0.0
399,233,71023.0,kauhava,,,,vaasan laani,vasa lan,Remain,0.0
400,236,71024.0,kaustinen,kaustby,,,vaasan laani,vasa lan,Remain,0.0
401,249,71025.0,keuruu,,,keuru,vaasan laani,vasa lan,Remain,0.0
402,256,71026.0,kinnula,,,,vaasan laani,vasa lan,Remain,0.0
403,265,71027.0,kivijarvi,,,,vaasan laani,vasa lan,Remain,0.0
404,270,71028.0,koivulahti,kvevlax,kvevlaks,,vaasan laani,vasa lan,Remain,0.0
405,274,71029.0,konginkangas,,,,vaasan laani,vasa lan,Remain,0.0
406,280,71030.0,korsnas,,,korsnaasi,vaasan laani,vasa lan,Remain,0.0
407,281,71031.0,kortesjarvi,,,,vaasan laani,vasa lan,Remain,0.0
408,288,71032.0,kruunupyy,kronoby,,,vaasan laani,vasa lan,Remain,0.0
409,300,71033.0,kuortane,,,,vaasan laani,vasa lan,Remain,0.0
410,301,71034.0,kurikka,,,,vaasan laani,vasa lan,Remain,0.0
411,312,71035.0,kyyjarvi,,,,vaasan laani,vasa lan,Remain,0.0
412,315,71036.0,kalvia,,,,vaasan laani,vasa lan,Remain,0.0
413,399,71037.0,laihia,,,,vaasan laani,vasa lan,Remain,0.0
414,403,71038.0,lappajarvi,,,,vaasan laani,vasa lan,Remain,0.0
415,408,71039.0,lapua,lappo,,,vaasan laani,vasa lan,Remain,0.0
416,409,71040.0,lapvaartti,lappfjard,,lapvaarti,vaasan laani,vasa lan,Remain,0.0
417,410,71041.0,laukaa,,,,vaasan laani,vasa lan,Remain,0.0
418,414,71042.0,lehtimaki,,,,vaasan laani,vasa lan,Remain,0.0
419,421,71043.0,lestijarvi,,,,vaasan laani,vasa lan,Remain,0.0
420,429,71044.0,lohtaja,,,,vaasan laani,vasa lan,Remain,0.0
421,440,71045.0,luoto,larsmo,,,vaasan laani,vasa lan,Remain,0.0
422,475,71046.0,maalahti,malax,malaks,,vaasan laani,vasa lan,Remain,0.0
423,479,71047.0,maksamaa,maxmo,,,vaasan laani,vasa lan,Remain,0.0
424,495,71048.0,multia,,,,vaasan laani,vasa lan,Remain,0.0
425,496,71049.0,munsala,,,,vaasan laani,vasa lan,Remain,0.0
426,499,71050.0,mustasaari,korsholm,,,vaasan laani,vasa lan,Remain,0.0
427,544,71051.0,nurmo,,,,vaasan laani,vasa lan,Remain,0.0
428,545,71052.0,narpio,narpes,,,vaasan laani,vasa lan,Remain,0.0
429,559,71053.0,oravainen,oravais,,,vaasan laani,vasa lan,Remain,0.0
430,584,71054.0,perho,,,,vaasan laani,vasa lan,Remain,0.0
431,589,71055.0,peraseinajoki,,,,vaasan laani,vasa lan,Remain,0.0
432,590,71056.0,petolahti,petalax,petalaks,,vaasan laani,vasa lan,Remain,0.0
433,592,71057.0,petajavesi,,,,vaasan laani,vasa lan,Remain,0.0
434,599,71058.0,pietarsaaren mlk,pedersore,pietarsaari mlk,pedersoren kunta,vaasan laani,vasa lan,Remain,0.0
435,600,71059.0,pihlajavesi,,,,vaasan laani,vasa lan,Remain,0.0
436,601,71060.0,pihtipudas,,,,vaasan laani,vasa lan,Remain,0.0
437,605,71061.0,pirttikyla,portom,,,vaasan laani,vasa lan,Remain,0.0
438,621,71062.0,purmo,,,,vaasan laani,vasa lan,Remain,0.0
439,633,71063.0,pylkonmaki,,,,vaasan laani,vasa lan,Remain,0.0
440,679,71064.0,raippaluoto,replot,,,vaasan laani,vasa lan,Remain,0.0
441,729,71065.0,saarijarvi,,,,vaasan laani,vasa lan,Remain,0.0
442,744,71066.0,seinajoki mlk,,seinajoen mlk,,vaasan laani,vasa lan,Remain,0.0
443,750,71067.0,siipyy,sideby,,sidebyy,vaasan laani,vasa lan,Remain,0.0
444,759,71068.0,soini,,,,vaasan laani,vasa lan,Remain,0.0
445,769,71069.0,sulva,solf,,solv,vaasan laani,vasa lan,Remain,0.0
446,770,71070.0,sumiainen,,,,vaasan laani,vasa lan,Remain,0.0
447,839,71071.0,teerijarvi,terjarv,,,vaasan laani,vasa lan,Remain,0.0
448,846,71072.0,teuva,ostermark,,,vaasan laani,vasa lan,Remain,0.0
449,847,71073.0,tiukka,tjock,kristiinankaupungit mlk,kristiinankaupungin mlk,vaasan laani,vasa lan,Remain,0.0
450,849,71074.0,toholampi,,,,vaasan laani,vasa lan,Remain,0.0
451,850,71075.0,toivakka,,,,vaasan laani,vasa lan,Remain,0.0
452,863,71076.0,toysa,,,,vaasan laani,vasa lan,Remain,0.0
453,885,71077.0,ullava,,,,vaasan laani,vasa lan,Remain,0.0
454,894,71078.0,uudenkaarlepyyn mlk,nykarleby lk,uudenkaariepyy mlk,uudenkaariepyyn mlk,vaasan laani,vasa lan,Remain,0.0
455,892,71079.0,uurainen,,,,vaasan laani,vasa lan,Remain,0.0
456,924,71080.0,veteli,vetil,,,vaasan laani,vasa lan,Remain,0.0
457,931,71081.0,viitasaari,,,,vaasan laani,vasa lan,Remain,0.0
458,934,71082.0,vimpeli,vindala,,,vaasan laani,vasa lan,Remain,0.0
459,936,71083.0,virrat,virdois,,,vaasan laani,vasa lan,Remain,0.0
460,942,71084.0,vahakyro,lillkyro,,,vaasan laani,vasa lan,Remain,0.0
461,944,71085.0,voyri,vora,vora,vora,vaasan laani,vasa lan,Remain,0.0
462,971,71086.0,yliharma,,,,vaasan laani,vasa lan,Remain,0.0
463,974,71087.0,ylimarkku,overmark,overmarkku,,vaasan laani,vasa lan,Remain,0.0
464,975,71088.0,ylistaro,,,,vaasan laani,vasa lan,Remain,0.0
465,989,71089.0,ahtari,,,atsari,vaasan laani,vasa lan,Remain,0.0
466,990,71090.0,ahtava,esse,,,vaasan laani,vasa lan,Remain,0.0
467,993,71091.0,aanekosken mlk,,aanekoski mlk,,vaasan laani,vasa lan,Remain,0.0
468,997,71092.0,oja,,,,vaasan laani,vasa lan,Remain,0.0
469,564,80010.0,oulu,uleaborg,,,oulun laani,uleaborgs lan,Remain,1.0
470,205,80020.0,kajaani,,,,oulun laani,uleaborgs lan,Remain,1.0
471,678,80030.0,raahe,brahestad,,,oulun laani,uleaborgs lan,Remain,1.0
472,9,81001.0,alavieska,,,,oulun laani,uleaborgs lan,Remain,0.0
473,69,81002.0,haapajarvi,,,,oulun laani,uleaborgs lan,Remain,0.0
474,71,81003.0,haapavesi,,,,oulun laani,uleaborgs lan,Remain,0.0
475,72,81004.0,hailuoto,karlo,,,oulun laani,uleaborgs lan,Remain,0.0
476,84,81005.0,haukipudas,,,,oulun laani,uleaborgs lan,Remain,0.0
477,105,81006.0,hyrynsalmi,,,,oulun laani,uleaborgs lan,Remain,0.0
478,139,81007.0,ii,,,,oulun laani,uleaborgs lan,Remain,0.0
479,206,81008.0,kajaanin mlk,kajaani lk,kajaani mlk,,oulun laani,uleaborgs lan,Remain,0.0
480,208,81009.0,kalajoki,,,,oulun laani,uleaborgs lan,Remain,0.0
481,244,81010.0,kempele,,,,oulun laani,uleaborgs lan,Remain,0.0
482,247,81011.0,kestila,,,,oulun laani,uleaborgs lan,Remain,0.0
483,255,81012.0,kiiminki,,,,oulun laani,uleaborgs lan,Remain,0.0
484,290,81013.0,kuhmo,,,kuhmoniemi,oulun laani,uleaborgs lan,Remain,0.0
485,292,81014.0,kuivaniemi,,,,oulun laani,uleaborgs lan,Remain,0.0
486,305,381015.0,kuusamo,,,,oulun laani,uleaborgs lan,North_Partially_Ceded,0.0
487,317,81016.0,karsamaki,,,,oulun laani,uleaborgs lan,Remain,0.0
488,425,81017.0,liminka,,,,oulun laani,uleaborgs lan,Remain,0.0
489,436,81018.0,lumijoki,,,,oulun laani,uleaborgs lan,Remain,0.0
490,483,81019.0,merijarvi,,,,oulun laani,uleaborgs lan,Remain,0.0
491,494,81020.0,muhos,,,,oulun laani,uleaborgs lan,Remain,0.0
492,535,81021.0,nivala,,,,oulun laani,uleaborgs lan,Remain,0.0
493,563,81022.0,oulainen,,,,oulun laani,uleaborgs lan,Remain,0.0
494,565,81023.0,oulujoki,,,,oulun laani,uleaborgs lan,Remain,0.0
495,567,81024.0,oulunsalo,,,,oulun laani,uleaborgs lan,Remain,0.0
496,575,81025.0,paavola,,,,oulun laani,uleaborgs lan,Remain,0.0
497,578,81026.0,paltamo,,,,oulun laani,uleaborgs lan,Remain,0.0
498,582,81027.0,pattijoki,,,,oulun laani,uleaborgs lan,Remain,0.0
499,603,81028.0,piippola,,,,oulun laani,uleaborgs lan,Remain,0.0
500,615,81029.0,pudasjarvi,,,,oulun laani,uleaborgs lan,Remain,0.0
501,617,81030.0,pulkkila,,,,oulun laani,uleaborgs lan,Remain,0.0
502,620,81031.0,puolanka,,,,oulun laani,uleaborgs lan,Remain,0.0
503,625,81032.0,pyhajoki,,,,oulun laani,uleaborgs lan,Remain,0.0
504,626,81033.0,pyhajarvi,,,pyhajarvi o,oulun laani,uleaborgs lan,Remain,0.0
505,630,81034.0,pyhanta,,,,oulun laani,uleaborgs lan,Remain,0.0
506,682,81035.0,rantsila,,,,oulun laani,uleaborgs lan,Remain,0.0
507,688,81036.0,rautio,,,,oulun laani,uleaborgs lan,Remain,0.0
508,691,81037.0,reisjarvi,,,,oulun laani,uleaborgs lan,Remain,0.0
509,693,81038.0,revonlahti,revolax,revolaks,,oulun laani,uleaborgs lan,Remain,0.0
510,697,81039.0,ristijarvi,,,,oulun laani,uleaborgs lan,Remain,0.0
511,735,81040.0,saloinen,,,,oulun laani,uleaborgs lan,Remain,0.0
512,746,81041.0,sievi,,,,oulun laani,uleaborgs lan,Remain,0.0
513,748,81042.0,siikajoki,,,,oulun laani,uleaborgs lan,Remain,0.0
514,765,81043.0,sotkamo,,,,oulun laani,uleaborgs lan,Remain,0.0
515,777,81044.0,suomussalmi,,,,oulun laani,uleaborgs lan,Remain,0.0
516,785,81045.0,saraisniemi,,,vaala,oulun laani,uleaborgs lan,Remain,0.0
517,832,81046.0,taivalkoski,,,,oulun laani,uleaborgs lan,Remain,0.0
518,841,81047.0,temmes,,,,oulun laani,uleaborgs lan,Remain,0.0
519,859,81048.0,tyrnava,,,,oulun laani,uleaborgs lan,Remain,0.0
520,889,81049.0,utajarvi,,,,oulun laani,uleaborgs lan,Remain,0.0
521,926,81050.0,vihanti,,,,oulun laani,uleaborgs lan,Remain,0.0
522,940,81051.0,vuolijoki,,,,oulun laani,uleaborgs lan,Remain,0.0
523,972,81052.0,yli-ii,,,,oulun laani,uleaborgs lan,Remain,0.0
524,973,81053.0,ylikiiminki,,,,oulun laani,uleaborgs lan,Remain,0.0
525,977,81054.0,ylivieska,,,,oulun laani,uleaborgs lan,Remain,0.0
526,240,90010.0,kemi,,,,lapin laani,lapplans lan,Remain,1.0
527,851,90020.0,tornio,tornea,,,lapin laani,lapplans lan,Remain,1.0
528,698,90110.0,rovaniemi,,rovaniemi kla,rovaniemen kla,lapin laani,lapplans lan,Remain,1.0
529,7,91001.0,alatornio,nedertomea,,nedertornea,lapin laani,lapplans lan,Remain,0.0
530,47,91002.0,enontekio,,,,lapin laani,lapplans lan,Remain,0.0
531,148,91003.0,inari,enare,,,lapin laani,lapplans lan,Remain,0.0
532,229,91004.0,karunki,,,,lapin laani,lapplans lan,Remain,0.0
533,320,91005.0,kemijarvi,,kemijarvi kla,kemijarven kla,lapin laani,lapplans lan,Remain,1.0
534,241,91006.0,kemin mlk,kemi lk,kemi mlk,keminmaa,lapin laani,lapplans lan,Remain,0.0
535,261,91007.0,kittila,,,,lapin laani,lapplans lan,Remain,0.0
536,273,91008.0,kolari,,,,lapin laani,lapplans lan,Remain,0.0
537,498,91009.0,muonio,,muonionniska,muonioniska,lapin laani,lapplans lan,Remain,0.0
538,583,91010.0,pelkosenniemi,,,,lapin laani,lapplans lan,Remain,0.0
539,854,91011.0,pello,,,turtola,lapin laani,lapplans lan,Remain,0.0
540,614,91012.0,posio,,,,lapin laani,lapplans lan,Remain,0.0
541,683,91013.0,ranua,,,,lapin laani,lapplans lan,Remain,0.0
542,699,91014.0,rovaniemen mlk,rovaniemi lk,rovaniemi mlk,,lapin laani,lapplans lan,Remain,0.0
543,732,391015.0,salla,,,kuolajarvi,lapin laani,lapplans lan,North_Partially_Ceded,0.0
544,742,91016.0,savukoski,,,,lapin laani,lapplans lan,Remain,0.0
545,751,91017.0,simo,,,,lapin laani,lapplans lan,Remain,0.0
546,758,91018.0,sodankyla,,,,lapin laani,lapplans lan,Remain,0.0
547,845,91019.0,tervola,,,,lapin laani,lapplans lan,Remain,0.0
548,890,91020.0,utsjoki,,,,lapin laani,lapplans lan,Remain,0.0
549,976,91021.0,ylitornio,overtornea,,,lapin laani,lapplans lan,Remain,0.0
550,313,500019.0,karkisalmi,kakisalmi,,kakisalmi,viipurin laani,viborgs lan,Viipuri_Ceded,1.0
551,763,500036.0,sortavala,,,,viipurin laani,viborgs lan,Viipuri_Ceded,1.0
552,929,500047.0,viipuri,viborg,,wiipuri,viipurin laani,viborgs lan,Viipuri_Ceded,1.0
553,268,500114.0,koivisto,,koivisto kla,koiviston kla,viipurin laani,viborgs lan,Viipuri_Ceded,1.0
554,397,500121.0,lahdenpohja,,lahdenpohja kla,lahdenpohjan kla,viipurin laani,viborgs lan,Viipuri_Ceded,1.0
555,13,501001.0,antrea,,,,viipurin laani,viborgs lan,Viipuri_Ceded,0.0
556,80,501003.0,harlu,,,,viipurin laani,viborgs lan,Viipuri_Ceded,0.0
557,87,501004.0,heinjoki,,,,viipurin laani,viborgs lan,Viipuri_Ceded,0.0
558,93,501005.0,hiitola,,,,viipurin laani,viborgs lan,Viipuri_Ceded,0.0
559,147,501006.0,impilahti,,,,viipurin laani,viborgs lan,Viipuri_Ceded,0.0
560,162,501007.0,jaakkima,,,,viipurin laani,viborgs lan,Viipuri_Ceded,0.0
561,168,501008.0,johannes,,,,viipurin laani,viborgs lan,Viipuri_Ceded,0.0
562,185,501009.0,jaaski,,,,viipurin laani,viborgs lan,Viipuri_Ceded,0.0
563,215,501010.0,kanneljarvi,,,,viipurin laani,viborgs lan,Viipuri_Ceded,0.0
564,234,501011.0,kaukola,,,,viipurin laani,viborgs lan,Viipuri_Ceded,0.0
565,258,501012.0,kirvu,,,,viipurin laani,viborgs lan,Viipuri_Ceded,0.0
566,264,501013.0,kivennapa,,,,viipurin laani,viborgs lan,Viipuri_Ceded,0.0
567,269,501015.0,koviston mlk,,koivisto mlk,koiviston mlk,viipurin laani,viborgs lan,Viipuri_Ceded,0.0
568,278,501016.0,korpiselka,,,,viipurin laani,viborgs lan,Viipuri_Ceded,0.0
569,296,501017.0,kuolemajarvi,,,kuolemanjarvi,viipurin laani,viborgs lan,Viipuri_Ceded,0.0
570,302,501018.0,kurkijoki,,,,viipurin laani,viborgs lan,Viipuri_Ceded,0.0
571,314,501020.0,kakisalmen mlk,,kakisalmi mlk,karkisalmen mlk,viipurin laani,viborgs lan,Viipuri_Ceded,0.0
572,437,501023.0,lumivaara,,,,viipurin laani,viborgs lan,Viipuri_Ceded,0.0
573,488,501024.0,metsapirtti,,,,viipurin laani,viborgs lan,Viipuri_Ceded,0.0
574,497,501025.0,muolaa,,,muola,viipurin laani,viborgs lan,Viipuri_Ceded,0.0
575,628,501027.0,pyhajarvi,pyhajarvi viip,,pyhajarvi viip,viipurin laani,viborgs lan,Viipuri_Ceded,0.0
576,634,501028.0,palkjarvi,,,,kuopion laani,kuopio lan,Viipuri_Ceded,0.0
577,690,501029.0,rautu,,,,viipurin laani,viborgs lan,Viipuri_Ceded,0.0
578,703,501030.0,ruskeala,,,,viipurin laani,viborgs lan,Viipuri_Ceded,0.0
579,706,501031.0,raisala,,,,viipurin laani,viborgs lan,Viipuri_Ceded,0.0
580,731,501032.0,sakkola,,,,viipurin laani,viborgs lan,Viipuri_Ceded,0.0
581,733,501033.0,salmi,,,,viipurin laani,viborgs lan,Viipuri_Ceded,0.0
582,757,501035.0,soanlahti,,,,viipurin laani,viborgs lan,Viipuri_Ceded,0.0
583,764,501037.0,sortavalan mlk,,sortavala mlk,,viipurin laani,viborgs lan,Viipuri_Ceded,0.0
584,767,501038.0,suistamo,,,,viipurin laani,viborgs lan,Viipuri_Ceded,0.0
585,773,501039.0,suojarvi,,,,viipurin laani,viborgs lan,Viipuri_Ceded,0.0
586,782,501041.0,sakkijarvi,,,,viipurin laani,viborgs lan,Viipuri_Ceded,0.0
587,843,501042.0,terijoki,,,,viipurin laani,viborgs lan,Viipuri_Ceded,0.0
588,897,501044.0,uusikirkko,,,uusikirkko viip,viipurin laani,viborgs lan,Viipuri_Ceded,0.0
589,907,501045.0,vahviala,,,,viipurin laani,viborgs lan,Viipuri_Ceded,0.0
590,910,501046.0,valkjarvi,,,,viipurin laani,viborgs lan,Viipuri_Ceded,0.0
591,930,501048.0,viipurin mlk,viborg lk,viipuri mlk,wiipuri mlk,viipurin laani,viborgs lan,Viipuri_Ceded,0.0
592,938,501049.0,vuoksela,,,,viipurin laani,viborgs lan,Viipuri_Ceded,0.0
593,939,501050.0,vuoksenranta,,,,viipurin laani,viborgs lan,Viipuri_Ceded,0.0
594,991,501051.0,ayrapaa,,,,viipurin laani,viborgs lan,Viipuri_Ceded,0.0
595,412,601022.0,lavansaari,,,,viipurin laani,viborgs lan,Island_Ceded,0.0
596,745,601034.0,seisakari,,,seiskari,viipurin laani,viborgs lan,Island_Ceded,0.0
597,780,601040.0,suursaari,,,,viipurin laani,viborgs lan,Island_Ceded,0.0
598,862,601043.0,tytarsaari,,,,viipurin laani,viborgs lan,Island_Ceded,0.0
599,591,701026.0,petsamo,,,,lapin laani,lapplans lan,Petsamo_Ceded,0.0
600,104,104.0,huopalahti,,,,uudenmaan laani,nylands lan,Remain,1.0
601,110,31057.0,hameenlinnan mlk,,,,hameen laani,tavastehus lan,Remain,0.0
602,294,294.0,kulosaaren huvilakaupunki,,brandon huvilakaupunki,kulosaari,uudenmaan laani,nylands lan,Remain,0.0
603,307,11307.0,kuusisto,,,kuusluoto,turun ja porin laani,turun ja porin laani,Remain,0.0
604,486,30486.0,messukyla,,,,hameen laani,tavastehus lan,Remain,0.0
605,566,566.0,oulunkyla,aggelby,,,uudenmaan laani,nylands lan,Remain,0.0
606,68,68.0,haaga,,haaga kla,haagan kla,uudenmaan laani,nylands lan,Remain,1.0
607,242,91242.0,kemijarven mlk,,,,lapin laani,lapplans lan,Remain,0.0
608,3,3.0,akaa,,,,uudenmaan laani,nylands lan,Remain,1.0
609,708,81055.0,ruukki,,,,oulun laani,uleaborgs lan,Remain,1.0
610,998,501022.0,tervajarvi,,,,viipurin laani,viborgs lan,Viipuri_Ceded,0.0
611,321,501026.0,kyyrola,,,,viipurin laani,viborgs lan,Viipuri_Ceded,0.0
612,995,11109.0,hangon mlk,hango lk,,hanko mlk,uudenmaan laani,nylands lan,Remain,0.0
613,508,,mantta-vilppula,,,,,,Remain,1.0
614,322,,kemionsaari,kimitoon,,,,,Remain,0.0
615,710,,raasepori,raseborg,,,,,Remain,1.0
616,790,,sastamala,,,,,,Remain,1.0
617,791,,siikalatva,,,,,,Remain,0.0
618,754,,anjalankoski,,,,,,Remain,0.0
619,988,,aetsa,,,,,,Remain,0.0
620,999,,mustio,,,,,,Remain,0.0
